era,mode,company,frontier_accuracy,timing,layer_choice,reinvention_courage,hindsight_leakage,playbook_consistency,plausibility,non_consensus,grounded,total
E1,training,Porthole Networks,7,6,5,6,6,,,,,60
E2,training,PageSignal,6,7,4,6,6,,,,,58
E3,training,Clinisphere,7,7,6,7,5,,,,,63
E4,training,ClaimGraph,8,7,6,8,5,,,,,65
E5,training,BenefitFlow,6,6,5,7,5,,,,,61
E6,training,LineSight,8,7,7,7,4,,,,,68
E7,live,FlowCheck,,,7,,,8,6,6,7,64
E8,forecast,WorkPermit,,,6,,,7,6,5,6,59
E9,forecast,Delegation Warranty,,,5,,,7,5,5,5,55
