era,mode,company,total,frontier_accuracy,timing,layer_choice,reinvention_courage,hindsight_leakage,playbook_consistency,plausibility,non_consensus,grounded
E1,training,Switchyard,62,7,6,5,7,6,,,,
E2,training,Manifest,66,7,7,6,7,6,,,,
E3,training,Ledgerline,60,8,6,5,6,5,,,,
E4,training,Clearline,66,8,7,6,7,5,,,,
E5,training,Vectorial,64,8,6,6,7,5,,,,
E6,training,Proofline,72,9,7,7,7,4,,,,
E7,live,Tracewell,66,,,6,,,7,7,5,8
E8,forecast,Consequence,62,,,5,,,7,6,6,7
E9,forecast,Recourse,60,,,5,,,7,5,7,6
